20260119225927,10.0.0.2,54478,10.0.0.1,5001,1,0.0-0.2,2432850,97313513,0.096,0,1655,0.000,3
20260119225927,10.0.0.2,54478,10.0.0.1,5001,1,0.2-0.4,2431380,97254713,0.103,0,1654,0.000,0
20260119225927,10.0.0.2,54478,10.0.0.1,5001,1,0.4-0.6,2429910,97195914,0.100,0,1653,0.000,0
20260119225927,10.0.0.2,54478,10.0.0.1,5001,1,0.6-0.8,2431380,97254713,0.107,0,1654,0.000,0
20260119225927,10.0.0.2,54478,10.0.0.1,5001,1,0.8-1.0,2429910,97195914,0.102,0,1653,0.000,0
20260119225928,10.0.0.2,54478,10.0.0.1,5001,1,1.0-1.2,2431380,97254713,0.105,0,1654,0.000,0
20260119225928,10.0.0.2,54478,10.0.0.1,5001,1,1.2-1.4,2429910,97195914,0.105,0,1653,0.000,0
20260119225928,10.0.0.2,54478,10.0.0.1,5001,1,1.4-1.6,2431380,97254713,0.101,0,1654,0.000,0
20260119225928,10.0.0.2,54478,10.0.0.1,5001,1,1.6-1.8,2429910,97195914,0.100,95,1748,5.435,0
20260119225928,10.0.0.2,54478,10.0.0.1,5001,1,1.8-2.0,2429910,97195914,0.096,129,1782,7.239,0
20260119225929,10.0.0.2,54478,10.0.0.1,5001,1,2.0-2.2,2431380,97254713,0.104,131,1785,7.339,0
20260119225929,10.0.0.2,54478,10.0.0.1,5001,1,2.2-2.4,2429910,97195914,0.100,130,1783,7.291,0
20260119225929,10.0.0.2,54478,10.0.0.1,5001,1,2.4-2.6,2429910,97195914,0.102,129,1782,7.239,0
20260119225929,10.0.0.2,54478,10.0.0.1,5001,1,2.6-2.8,2431380,97254713,0.107,130,1784,7.287,0
20260119225929,10.0.0.2,54478,10.0.0.1,5001,1,2.8-3.0,2429910,97195914,0.098,130,1783,7.291,0
20260119225930,10.0.0.2,54478,10.0.0.1,5001,1,3.0-3.2,2431380,97254713,0.104,130,1784,7.287,0
20260119225930,10.0.0.2,54478,10.0.0.1,5001,1,3.2-3.4,2429910,97195914,0.108,130,1783,7.291,0
20260119225930,10.0.0.2,54478,10.0.0.1,5001,1,3.4-3.6,2431380,97254713,0.105,130,1784,7.287,0
20260119225930,10.0.0.2,54478,10.0.0.1,5001,1,3.6-3.8,2429910,97195914,0.098,129,1782,7.239,0
20260119225930,10.0.0.2,54478,10.0.0.1,5001,1,3.8-4.0,2431380,97254713,0.098,130,1784,7.287,0
20260119225931,10.0.0.2,54478,10.0.0.1,5001,1,4.0-4.2,2429910,97195914,0.097,130,1783,7.291,0
20260119225931,10.0.0.2,54478,10.0.0.1,5001,1,4.2-4.4,2429910,97195914,0.109,130,1783,7.291,0
20260119225931,10.0.0.2,54478,10.0.0.1,5001,1,4.4-4.6,2431380,97254713,0.098,130,1784,7.287,1
20260119225931,10.0.0.2,54478,10.0.0.1,5001,1,4.6-4.8,2429910,97195914,0.103,130,1783,7.291,0
20260119225931,10.0.0.2,54478,10.0.0.1,5001,1,4.8-5.0,2431380,97254713,0.098,130,1784,7.287,0
20260119225932,10.0.0.2,54478,10.0.0.1,5001,1,5.0-5.2,2429910,97195914,0.097,129,1782,7.239,0
20260119225932,10.0.0.2,54478,10.0.0.1,5001,1,5.2-5.4,2431380,97254713,0.102,131,1785,7.339,0
20260119225932,10.0.0.2,54478,10.0.0.1,5001,1,5.4-5.6,2429910,97195914,0.106,130,1783,7.291,0
20260119225932,10.0.0.2,54478,10.0.0.1,5001,1,5.6-5.8,2429910,97195914,0.112,130,1783,7.291,0
20260119225932,10.0.0.2,54478,10.0.0.1,5001,1,5.8-6.0,2431380,97254713,0.106,129,1783,7.235,0
20260119225933,10.0.0.2,54478,10.0.0.1,5001,1,6.0-6.2,2429910,97195914,0.106,130,1783,7.291,0
20260119225933,10.0.0.2,54478,10.0.0.1,5001,1,6.2-6.4,2429910,97195914,0.111,131,1784,7.343,0
20260119225933,10.0.0.2,54478,10.0.0.1,5001,1,6.4-6.6,2429910,97195914,0.098,129,1782,7.239,0
20260119225933,10.0.0.2,54478,10.0.0.1,5001,1,6.6-6.8,2431380,97254713,0.105,131,1785,7.339,0
20260119225933,10.0.0.2,54478,10.0.0.1,5001,1,6.8-7.0,2429910,97195914,0.107,129,1782,7.239,0
20260119225934,10.0.0.2,54478,10.0.0.1,5001,1,7.0-7.2,2431380,97254713,0.113,130,1784,7.287,0
20260119225934,10.0.0.2,54478,10.0.0.1,5001,1,7.2-7.4,2429910,97195914,0.102,130,1783,7.291,0
20260119225934,10.0.0.2,54478,10.0.0.1,5001,1,7.4-7.6,2431380,97254713,0.107,130,1784,7.287,0
20260119225934,10.0.0.2,54478,10.0.0.1,5001,1,7.6-7.8,2429910,97195914,0.102,130,1783,7.291,0
20260119225934,10.0.0.2,54478,10.0.0.1,5001,1,7.8-8.0,2429910,97195914,0.107,130,1783,7.291,0
20260119225935,10.0.0.2,54478,10.0.0.1,5001,1,8.0-8.2,2431380,97254713,0.098,130,1784,7.287,0
20260119225935,10.0.0.2,54478,10.0.0.1,5001,1,8.2-8.4,2429910,97195914,0.100,129,1782,7.239,0
20260119225935,10.0.0.2,54478,10.0.0.1,5001,1,8.4-8.6,2431380,97254713,0.100,130,1784,7.287,0
20260119225935,10.0.0.2,54478,10.0.0.1,5001,1,8.6-8.8,2429910,97195914,0.099,130,1783,7.291,0
20260119225935,10.0.0.2,54478,10.0.0.1,5001,1,8.8-9.0,2431380,97254713,0.101,130,1784,7.287,0
20260119225936,10.0.0.2,54478,10.0.0.1,5001,1,9.0-9.2,2429910,97195914,0.107,130,1783,7.291,0
20260119225936,10.0.0.2,54478,10.0.0.1,5001,1,9.2-9.4,2431380,97254713,0.103,130,1784,7.287,0
20260119225936,10.0.0.2,54478,10.0.0.1,5001,1,9.4-9.6,2429910,97195914,0.104,129,1782,7.239,0
20260119225936,10.0.0.2,54478,10.0.0.1,5001,1,9.6-9.8,2429910,97195914,0.100,130,1783,7.291,0
20260119225936,10.0.0.2,54478,10.0.0.1,5001,1,9.8-10.0,2431380,97254713,0.114,130,1784,7.287,0
20260119225936,10.0.0.2,54478,10.0.0.1,5001,1,10.0-10.1,1465590,97258610,0.102,78,1075,7.256,0
20260119225936,10.0.0.2,54478,10.0.0.1,5001,1,0.0-10.1,122994900,97223386,0.103,5498,89168,6.166,4
20260119225943,10.0.0.2,43035,10.0.0.1,5001,2,0.0-0.2,2431380,97254713,0.099,0,1654,0.000,0
20260119225943,10.0.0.2,43035,10.0.0.1,5001,2,0.2-0.4,2431380,97254713,0.108,0,1654,0.000,0
20260119225943,10.0.0.2,43035,10.0.0.1,5001,2,0.4-0.6,2429910,97195914,0.096,0,1653,0.000,0
20260119225944,10.0.0.2,43035,10.0.0.1,5001,2,0.6-0.8,2426970,97078314,0.102,0,1651,0.000,0
20260119225944,10.0.0.2,43035,10.0.0.1,5001,2,0.8-1.0,2429910,97195914,0.106,0,1653,0.000,0
20260119225944,10.0.0.2,43035,10.0.0.1,5001,2,1.0-1.2,2371110,94843925,0.110,0,1613,0.000,0
20260119225944,11.0.0.1,40964,10.0.0.1,5001,3,0.0-0.2,117600,4703976,2.409,0,80,0.000,0
20260119225944,10.0.0.2,43035,10.0.0.1,5001,2,1.2-1.4,2316720,92668336,0.099,0,1576,0.000,0
20260119225944,11.0.0.1,40964,10.0.0.1,5001,3,0.2-0.4,116130,4645176,2.432,0,79,0.000,0
20260119225944,10.0.0.2,43035,10.0.0.1,5001,2,1.4-1.6,2313780,92550737,0.102,0,1574,0.000,0
20260119225944,11.0.0.1,40964,10.0.0.1,5001,3,0.4-0.6,116130,4645176,2.425,0,79,0.000,0
20260119225945,10.0.0.2,43035,10.0.0.1,5001,2,1.6-1.8,2315250,92609536,0.102,70,1645,4.255,1
20260119225945,11.0.0.1,40964,10.0.0.1,5001,3,0.6-0.8,114660,4586377,2.425,0,78,0.000,0
20260119225945,10.0.0.2,43035,10.0.0.1,5001,2,1.8-2.0,2315250,92609536,0.102,124,1699,7.298,0
20260119225945,11.0.0.1,40964,10.0.0.1,5001,3,0.8-1.0,116130,4645176,2.431,0,79,0.000,0
20260119225945,10.0.0.2,43035,10.0.0.1,5001,2,2.0-2.2,2315250,92609536,0.108,123,1698,7.244,0
20260119225945,11.0.0.1,40964,10.0.0.1,5001,3,1.0-1.2,116130,4645176,2.425,0,79,0.000,0
20260119225945,10.0.0.2,43035,10.0.0.1,5001,2,2.2-2.4,2313780,92550737,0.101,124,1698,7.303,0
20260119225945,11.0.0.1,40964,10.0.0.1,5001,3,1.2-1.4,116130,4645176,2.432,0,79,0.000,0
20260119225945,10.0.0.2,43035,10.0.0.1,5001,2,2.4-2.6,2315250,92609536,0.103,124,1699,7.298,0
20260119225945,11.0.0.1,40964,10.0.0.1,5001,3,1.4-1.6,114660,4586377,2.431,0,78,0.000,0
20260119225946,10.0.0.2,43035,10.0.0.1,5001,2,2.6-2.8,2315250,92609536,0.094,123,1698,7.244,0
20260119225946,11.0.0.1,40964,10.0.0.1,5001,3,1.6-1.8,116130,4645176,2.425,0,79,0.000,0
20260119225946,10.0.0.2,43035,10.0.0.1,5001,2,2.8-3.0,2313780,92550737,0.107,124,1698,7.303,0
20260119225946,11.0.0.1,40964,10.0.0.1,5001,3,1.8-2.0,116130,4645176,2.436,0,79,0.000,0
20260119225946,10.0.0.2,43035,10.0.0.1,5001,2,3.0-3.2,2315250,92609536,0.101,124,1699,7.298,1
20260119225946,11.0.0.1,40964,10.0.0.1,5001,3,2.0-2.2,114660,4586377,2.432,0,78,0.000,0
20260119225946,10.0.0.2,43035,10.0.0.1,5001,2,3.2-3.4,2315250,92609536,0.105,123,1698,7.244,0
20260119225946,11.0.0.1,40964,10.0.0.1,5001,3,2.2-2.4,116130,4645176,2.425,0,79,0.000,0
20260119225946,10.0.0.2,43035,10.0.0.1,5001,2,3.4-3.6,2315250,92609536,0.109,124,1699,7.298,0
20260119225946,11.0.0.1,40964,10.0.0.1,5001,3,2.4-2.6,105840,4233578,2.821,8,80,10.000,0
20260119225947,10.0.0.2,43035,10.0.0.1,5001,2,3.6-3.8,2332890,93315133,0.118,185,1772,10.440,0
20260119225947,11.0.0.1,40964,10.0.0.1,5001,3,2.6-2.8,82320,3292783,0.278,1339,1395,95.986,0
20260119225947,10.0.0.2,43035,10.0.0.1,5001,2,3.8-4.0,2372580,94902725,0.104,168,1782,9.428,0
20260119225947,11.0.0.1,40964,10.0.0.1,5001,3,2.8-3.0,45570,1822790,0.388,1720,1751,98.230,0
20260119225947,10.0.0.2,43035,10.0.0.1,5001,2,4.0-4.2,2371110,94843925,0.118,171,1784,9.585,0
20260119225947,11.0.0.1,40964,10.0.0.1,5001,3,3.0-3.2,79380,3175184,0.098,1671,1725,96.870,0
20260119225947,10.0.0.2,43035,10.0.0.1,5001,2,4.2-4.4,2362290,94491127,0.114,176,1783,9.871,0
20260119225947,11.0.0.1,40964,10.0.0.1,5001,3,3.2-3.4,66150,2645986,0.092,1768,1813,97.518,0
20260119225947,10.0.0.2,43035,10.0.0.1,5001,2,4.4-4.6,2352000,94079529,0.112,184,1784,10.314,0
20260119225947,11.0.0.1,40964,10.0.0.1,5001,3,3.4-3.6,83790,3351583,0.083,1734,1791,96.817,0
20260119225948,10.0.0.2,43035,10.0.0.1,5001,2,4.6-4.8,2343180,93726731,0.099,188,1782,10.550,0
20260119225948,11.0.0.1,40964,10.0.0.1,5001,3,3.6-3.8,61740,2469587,0.092,1618,1660,97.470,0
20260119225948,10.0.0.2,43035,10.0.0.1,5001,2,4.8-5.0,2375520,95020324,0.099,168,1784,9.417,0
20260119225948,11.0.0.1,40964,10.0.0.1,5001,3,3.8-4.0,70560,2822385,0.103,1851,1899,97.472,0
20260119225948,10.0.0.2,43035,10.0.0.1,5001,2,5.0-5.2,2353470,94138329,0.097,182,1783,10.208,0
20260119225948,11.0.0.1,40964,10.0.0.1,5001,3,4.0-4.2,91140,3645581,0.083,1728,1790,96.536,0
20260119225948,10.0.0.2,43035,10.0.0.1,5001,2,5.2-5.4,2334360,93373933,0.098,195,1783,10.937,0
20260119225948,11.0.0.1,40964,10.0.0.1,5001,3,4.2-4.4,94080,3763181,0.150,1686,1750,96.343,0
20260119225948,10.0.0.2,43035,10.0.0.1,5001,2,5.4-5.6,2352000,94079529,0.095,184,1784,10.314,0
20260119225948,11.0.0.1,40964,10.0.0.1,5001,3,4.4-4.6,70560,2822385,0.100,1721,1769,97.287,0
20260119225949,10.0.0.2,43035,10.0.0.1,5001,2,5.6-5.8,2350530,94020729,0.094,184,1783,10.320,0
20260119225949,11.0.0.1,40964,10.0.0.1,5001,3,4.6-4.8,80850,3233983,0.086,1713,1768,96.889,0
20260119225949,10.0.0.2,43035,10.0.0.1,5001,2,5.8-6.0,2352000,94079529,0.101,184,1784,10.314,0
20260119225949,11.0.0.1,40964,10.0.0.1,5001,3,4.8-5.0,66150,2645986,0.115,1766,1811,97.515,0
20260119225949,10.0.0.2,43035,10.0.0.1,5001,2,6.0-6.2,2359350,94373528,0.100,177,1782,9.933,0
20260119225949,11.0.0.1,40964,10.0.0.1,5001,3,5.0-5.2,74970,2998785,0.168,1719,1770,97.119,0
20260119225949,10.0.0.2,43035,10.0.0.1,5001,2,6.2-6.4,2359350,94373528,0.100,179,1784,10.034,0
20260119225949,11.0.0.1,40964,10.0.0.1,5001,3,5.2-5.4,77910,3116384,0.105,1716,1769,97.004,0
20260119225949,10.0.0.2,43035,10.0.0.1,5001,2,6.4-6.6,2368170,94726326,0.110,172,1783,9.647,0
20260119225949,11.0.0.1,40964,10.0.0.1,5001,3,5.4-5.6,72030,2881185,0.098,1762,1811,97.294,0
20260119225950,10.0.0.2,43035,10.0.0.1,5001,2,6.6-6.8,2343180,93726731,0.105,191,1785,10.700,0
20260119225950,11.0.0.1,40964,10.0.0.1,5001,3,5.6-5.8,73500,2939985,0.092,1676,1726,97.103,0
20260119225950,10.0.0.2,43035,10.0.0.1,5001,2,6.8-7.0,2362290,94491127,0.100,175,1782,9.820,1
20260119225950,11.0.0.1,40964,10.0.0.1,5001,3,5.8-6.0,66150,2645986,0.092,1745,1790,97.486,0
20260119225950,10.0.0.2,43035,10.0.0.1,5001,2,7.0-7.2,2371110,94843925,0.103,170,1783,9.534,0
20260119225950,11.0.0.1,40964,10.0.0.1,5001,3,6.0-6.2,42630,1705191,0.093,1805,1834,98.419,0
20260119225950,10.0.0.2,43035,10.0.0.1,5001,2,7.2-7.4,2382870,95314323,0.097,162,1783,9.086,0
20260119225950,11.0.0.1,40964,10.0.0.1,5001,3,6.2-6.4,49980,1999190,0.106,1691,1725,98.029,0
20260119225950,10.0.0.2,43035,10.0.0.1,5001,2,7.4-7.6,2384340,95373123,0.096,161,1783,9.030,0
20260119225950,11.0.0.1,40964,10.0.0.1,5001,3,6.4-6.6,55860,2234388,0.083,1732,1770,97.853,0
20260119225951,10.0.0.2,43035,10.0.0.1,5001,2,7.6-7.8,2369640,94785126,0.103,172,1784,9.641,0
20260119225951,11.0.0.1,40964,10.0.0.1,5001,3,6.6-6.8,72030,2881185,0.107,1740,1789,97.261,0
20260119225951,10.0.0.2,43035,10.0.0.1,5001,2,7.8-8.0,2359350,94373528,0.114,178,1783,9.983,0
20260119225951,11.0.0.1,40964,10.0.0.1,5001,3,6.8-7.0,57330,2293188,0.090,1773,1812,97.848,0
20260119225951,10.0.0.2,43035,10.0.0.1,5001,2,8.0-8.2,2372580,94902725,0.093,170,1784,9.529,0
20260119225951,11.0.0.1,40964,10.0.0.1,5001,3,7.0-7.2,60270,2410787,0.099,1771,1812,97.737,0
20260119225951,10.0.0.2,43035,10.0.0.1,5001,2,8.2-8.4,2374050,94961525,0.103,168,1783,9.422,0
20260119225951,11.0.0.1,40964,10.0.0.1,5001,3,7.2-7.4,55860,2234388,0.083,1710,1748,97.826,0
20260119225951,10.0.0.2,43035,10.0.0.1,5001,2,8.4-8.6,2385810,95431922,0.102,161,1784,9.025,0
20260119225951,11.0.0.1,40964,10.0.0.1,5001,3,7.4-7.6,45570,1822790,0.110,1759,1790,98.268,0
20260119225952,10.0.0.2,43035,10.0.0.1,5001,2,8.6-8.8,2379930,95196724,0.097,164,1783,9.198,0
20260119225952,11.0.0.1,40964,10.0.0.1,5001,3,7.6-7.8,51450,2057989,0.101,1777,1812,98.068,0
20260119225952,10.0.0.2,43035,10.0.0.1,5001,2,8.8-9.0,2378460,95137924,0.094,164,1782,9.203,0
20260119225952,11.0.0.1,40964,10.0.0.1,5001,3,7.8-8.0,44100,1763991,0.105,1696,1726,98.262,0
20260119225952,10.0.0.2,43035,10.0.0.1,5001,2,9.0-9.2,2393160,95725921,0.107,156,1784,8.744,0
20260119225952,11.0.0.1,40964,10.0.0.1,5001,3,8.0-8.2,44100,1763991,0.131,1781,1811,98.343,0
20260119225952,10.0.0.2,43035,10.0.0.1,5001,2,9.2-9.4,2381400,95255523,0.103,163,1783,9.142,0
20260119225952,11.0.0.1,40964,10.0.0.1,5001,3,8.2-8.4,39690,1587592,0.121,1786,1813,98.511,0
20260119225952,10.0.0.2,43035,10.0.0.1,5001,2,9.4-9.6,2390220,95608321,0.100,158,1784,8.857,0
20260119225952,11.0.0.1,40964,10.0.0.1,5001,3,8.4-8.6,42630,1705191,0.116,1762,1791,98.381,0
20260119225953,10.0.0.2,43035,10.0.0.1,5001,2,9.6-9.8,2393160,95725921,0.104,155,1783,8.693,0
20260119225953,11.0.0.1,40964,10.0.0.1,5001,3,8.6-8.8,35280,1411192,0.080,1700,1724,98.608,0
20260119225953,10.0.0.2,43035,10.0.0.1,5001,2,9.8-10.0,2399040,95961120,0.106,152,1784,8.520,0
20260119225953,11.0.0.1,40964,10.0.0.1,5001,3,8.8-9.0,27930,1117194,0.085,1772,1791,98.939,0
20260119225953,10.0.0.2,43035,10.0.0.1,5001,2,10.0-10.2,2410800,96431517,0.101,142,1782,7.969,0
20260119225953,10.0.0.2,43035,10.0.0.1,5001,2,0.0-10.2,120976590,94497189,0.104,6871,89168,7.706,3
20260119225953,11.0.0.1,40964,10.0.0.1,5001,3,9.0-9.2,119070,4762776,0.555,2832,2913,97.219,0
20260119225953,11.0.0.1,40964,10.0.0.1,5001,3,9.2-9.4,120540,4821575,0.105,1686,1768,95.362,0
20260119225953,11.0.0.1,40964,10.0.0.1,5001,3,9.4-9.6,122010,4880375,0.138,1708,1791,95.366,0
20260119225954,11.0.0.1,40964,10.0.0.1,5001,3,9.6-9.8,122010,4880375,0.087,1707,1790,95.363,0
20260119225954,11.0.0.1,40964,10.0.0.1,5001,3,9.8-10.0,120540,4821575,0.085,1686,1768,95.362,0
20260119225954,11.0.0.1,40964,10.0.0.1,5001,3,10.0-10.2,122010,4880375,0.079,1708,1791,95.366,0
20260119225954,11.0.0.1,40964,10.0.0.1,5001,3,10.2-10.4,122010,4880375,0.086,1708,1791,95.366,0
20260119225954,11.0.0.1,40964,10.0.0.1,5001,3,10.4-10.6,120540,4821575,0.067,1687,1769,95.365,0
20260119225955,11.0.0.1,40964,10.0.0.1,5001,3,10.6-10.8,122010,4880375,0.096,1706,1789,95.361,0
20260119225955,11.0.0.1,40964,10.0.0.1,5001,3,10.8-11.0,122010,4880375,0.077,1708,1791,95.366,0
20260119225955,11.0.0.1,40964,10.0.0.1,5001,3,11.0-11.2,120540,4821575,0.074,1686,1768,95.362,0
20260119225955,11.0.0.1,40964,10.0.0.1,5001,3,11.2-11.4,122010,4880375,0.082,1709,1792,95.368,0
20260119225955,11.0.0.1,40964,10.0.0.1,5001,3,11.4-11.6,122010,4880375,0.079,1707,1790,95.363,0
20260119225956,11.0.0.1,40964,10.0.0.1,5001,3,11.6-11.8,120540,4821575,0.074,1687,1769,95.365,0
20260119225956,11.0.0.1,40964,10.0.0.1,5001,3,11.8-12.0,122010,4880375,0.068,1707,1790,95.363,0
20260119225956,11.0.0.1,40964,10.0.0.1,5001,3,12.0-12.2,122010,4880375,0.113,1707,1790,95.363,0
20260119225956,11.0.0.1,40964,10.0.0.1,5001,3,12.2-12.4,120540,4821575,0.078,1687,1769,95.365,0
20260119225956,11.0.0.1,40964,10.0.0.1,5001,3,0.0-12.4,5553660,3577332,0.770,85391,89169,95.763,0
20260119230001,10.0.0.2,42666,10.0.0.1,5001,4,0.0-0.2,2432850,97313513,0.101,0,1655,0.000,0
20260119230001,10.0.0.2,42666,10.0.0.1,5001,4,0.2-0.4,2429910,97195914,0.099,0,1653,0.000,0
20260119230001,10.0.0.2,42666,10.0.0.1,5001,4,0.4-0.6,2428440,97137114,0.126,0,1652,0.000,1
20260119230002,10.0.0.2,42666,10.0.0.1,5001,4,0.6-0.8,2426970,97078314,0.101,0,1651,0.000,0
20260119230002,10.0.0.2,42666,10.0.0.1,5001,4,0.8-1.0,2429910,97195914,0.100,0,1653,0.000,0
20260119230002,10.0.0.2,42666,10.0.0.1,5001,4,1.0-1.2,2381400,95255523,0.101,0,1620,0.000,0
20260119230002,11.0.0.1,47740,10.0.0.1,5001,5,0.0-0.2,117600,4703976,2.412,0,80,0.000,0
20260119230002,10.0.0.2,42666,10.0.0.1,5001,4,1.2-1.4,2315250,92609536,0.105,0,1575,0.000,0
20260119230002,11.0.0.1,47740,10.0.0.1,5001,5,0.2-0.4,116130,4645176,2.433,0,79,0.000,0
20260119230002,10.0.0.2,42666,10.0.0.1,5001,4,1.4-1.6,2313780,92550737,0.110,0,1574,0.000,0
20260119230002,11.0.0.1,47740,10.0.0.1,5001,5,0.4-0.6,116130,4645176,2.431,0,79,0.000,0
20260119230003,10.0.0.2,42666,10.0.0.1,5001,4,1.6-1.8,2313780,92550737,0.105,71,1645,4.316,0
20260119230003,11.0.0.1,47740,10.0.0.1,5001,5,0.6-0.8,114660,4586377,2.433,0,78,0.000,0
20260119230003,10.0.0.2,42666,10.0.0.1,5001,4,1.8-2.0,2313780,92550737,0.106,124,1698,7.303,0
20260119230003,11.0.0.1,47740,10.0.0.1,5001,5,0.8-1.0,116130,4645176,2.425,0,79,0.000,0
20260119230003,10.0.0.2,42666,10.0.0.1,5001,4,2.0-2.2,2313780,92550737,0.121,124,1698,7.303,0
20260119230003,11.0.0.1,47740,10.0.0.1,5001,5,1.0-1.2,116130,4645176,2.424,0,79,0.000,0
20260119230003,10.0.0.2,42666,10.0.0.1,5001,4,2.2-2.4,2313780,92550737,0.117,123,1697,7.248,0
20260119230003,11.0.0.1,47740,10.0.0.1,5001,5,1.2-1.4,114660,4586377,2.425,0,78,0.000,0
20260119230003,10.0.0.2,42666,10.0.0.1,5001,4,2.4-2.6,2315250,92609536,0.105,124,1699,7.298,0
20260119230003,11.0.0.1,47740,10.0.0.1,5001,5,1.4-1.6,116130,4645176,2.430,0,79,0.000,0
20260119230004,10.0.0.2,42666,10.0.0.1,5001,4,2.6-2.8,2313780,92550737,0.107,124,1698,7.303,0
20260119230004,11.0.0.1,47740,10.0.0.1,5001,5,1.6-1.8,116130,4645176,2.435,0,79,0.000,0
20260119230004,10.0.0.2,42666,10.0.0.1,5001,4,2.8-3.0,2313780,92550737,0.098,123,1697,7.248,0
20260119230004,11.0.0.1,47740,10.0.0.1,5001,5,1.8-2.0,114660,4586377,2.476,0,78,0.000,0
20260119230004,10.0.0.2,42666,10.0.0.1,5001,4,3.0-3.2,2257920,90316348,0.097,121,1657,7.302,0
20260119230004,192.168.1.1,54524,10.0.0.1,5001,6,0.0-0.2,122010,4880375,0.227,0,83,0.000,0
20260119230004,11.0.0.1,47740,10.0.0.1,5001,5,2.0-2.2,110250,4409977,2.559,0,75,0.000,0
20260119230004,10.0.0.2,42666,10.0.0.1,5001,4,3.2-3.4,2229990,89199154,0.104,123,1640,7.500,0
20260119230004,192.168.1.1,54524,10.0.0.1,5001,6,0.2-0.4,58800,2351988,0.127,44,84,52.381,0
20260119230004,11.0.0.1,47740,10.0.0.1,5001,5,2.2-2.4,35280,1411192,7.790,48,72,66.667,0
20260119230004,10.0.0.2,42666,10.0.0.1,5001,4,3.4-3.6,2388750,95549522,0.105,159,1784,8.913,0
20260119230004,192.168.1.1,54524,10.0.0.1,5001,6,0.4-0.6,29400,1175994,0.055,66,86,76.744,0
20260119230004,11.0.0.1,47740,10.0.0.1,5001,5,2.4-2.6,8820,352798,14.336,64,70,91.429,0
20260119230005,10.0.0.2,42666,10.0.0.1,5001,4,3.6-3.8,2397570,95902320,0.099,152,1783,8.525,0
20260119230005,192.168.1.1,54524,10.0.0.1,5001,6,0.6-0.8,24990,999595,0.042,74,91,81.319,0
20260119230005,11.0.0.1,47740,10.0.0.1,5001,5,2.6-2.8,7350,293998,15.001,1218,1223,99.591,0
20260119230005,10.0.0.2,42666,10.0.0.1,5001,4,3.8-4.0,2403450,96137519,0.096,149,1784,8.352,0
20260119230005,192.168.1.1,54524,10.0.0.1,5001,6,0.8-1.0,16170,646796,0.027,79,90,87.778,0
20260119230005,11.0.0.1,47740,10.0.0.1,5001,5,2.8-3.0,10290,411597,9.710,1611,1618,99.567,0
20260119230005,10.0.0.2,42666,10.0.0.1,5001,4,4.0-4.2,2390220,95608321,0.102,157,1783,8.805,0
20260119230005,192.168.1.1,54524,10.0.0.1,5001,6,1.0-1.2,33810,1352393,0.034,69,92,75.000,0
20260119230005,11.0.0.1,47740,10.0.0.1,5001,5,3.0-3.2,5880,235198,7.751,1637,1641,99.756,0
20260119230005,10.0.0.2,42666,10.0.0.1,5001,4,4.2-4.4,2390220,95608321,0.105,158,1784,8.857,0
20260119230005,192.168.1.1,54524,10.0.0.1,5001,6,1.2-1.4,32340,1293593,0.042,66,88,75.000,0
20260119230005,11.0.0.1,47740,10.0.0.1,5001,5,3.2-3.4,17640,705596,3.699,2061,2073,99.421,0
20260119230005,10.0.0.2,42666,10.0.0.1,5001,4,4.4-4.6,2390220,95608321,0.103,156,1782,8.754,0
20260119230005,192.168.1.1,54524,10.0.0.1,5001,6,1.4-1.6,17640,705596,0.040,75,87,86.207,0
20260119230005,11.0.0.1,47740,10.0.0.1,5001,5,3.4-3.6,8820,352798,2.552,1891,1897,99.684,0
20260119230006,10.0.0.2,42666,10.0.0.1,5001,4,4.6-4.8,2404920,96196319,0.103,148,1784,8.296,0
20260119230006,192.168.1.1,54524,10.0.0.1,5001,6,1.6-1.8,24990,999595,0.034,75,92,81.522,0
20260119230006,10.0.0.2,42666,10.0.0.1,5001,4,4.8-5.0,2407860,96313918,0.105,145,1783,8.132,0
20260119230006,11.0.0.1,47740,10.0.0.1,5001,5,3.6-3.8,4410,176399,8.613,730,734,99.455,1
20260119230006,192.168.1.1,54524,10.0.0.1,5001,6,1.8-2.0,22050,881995,0.030,70,85,82.353,0
20260119230006,10.0.0.2,42666,10.0.0.1,5001,4,5.0-5.2,2397570,95902320,0.101,152,1783,8.525,0
20260119230006,11.0.0.1,47740,10.0.0.1,5001,5,3.8-4.0,5880,235198,12.139,2758,2762,99.855,0
20260119230006,192.168.1.1,54524,10.0.0.1,5001,6,2.0-2.2,27930,1117194,0.029,73,92,79.348,0
20260119230006,11.0.0.1,47740,10.0.0.1,5001,5,4.0-4.2,1470,58799,17.564,837,839,99.762,1
20260119230006,10.0.0.2,42666,10.0.0.1,5001,4,5.2-5.4,2397570,95902320,0.100,153,1784,8.576,0
20260119230006,192.168.1.1,54524,10.0.0.1,5001,6,2.2-2.4,20580,823195,0.022,67,81,82.716,0
20260119230006,11.0.0.1,47740,10.0.0.1,5001,5,4.2-4.4,16170,646796,12.315,2774,2785,99.605,0
20260119230006,10.0.0.2,42666,10.0.0.1,5001,4,5.4-5.6,2388750,95549522,0.104,158,1783,8.861,0
20260119230006,192.168.1.1,54524,10.0.0.1,5001,6,2.4-2.6,23520,940795,0.020,77,93,82.796,0
20260119230006,11.0.0.1,47740,10.0.0.1,5001,5,4.4-4.6,13230,529197,6.949,1610,1619,99.444,0
20260119230007,10.0.0.2,42666,10.0.0.1,5001,4,5.6-5.8,2387280,95490722,0.104,159,1783,8.918,0
20260119230007,192.168.1.1,54524,10.0.0.1,5001,6,2.6-2.8,24990,999595,0.022,77,94,81.915,0
20260119230007,11.0.0.1,47740,10.0.0.1,5001,5,4.6-4.8,30870,1234793,1.861,1920,1941,98.918,0
20260119230007,10.0.0.2,42666,10.0.0.1,5001,4,5.8-6.0,2378460,95137924,0.101,165,1783,9.254,0
20260119230007,192.168.1.1,54524,10.0.0.1,5001,6,2.8-3.0,29400,1175994,0.025,63,83,75.904,0
20260119230007,11.0.0.1,47740,10.0.0.1,5001,5,4.8-5.0,11760,470397,1.157,1781,1789,99.553,0
20260119230007,10.0.0.2,42666,10.0.0.1,5001,4,6.0-6.2,2390220,95608321,0.104,158,1784,8.857,0
20260119230007,192.168.1.1,54524,10.0.0.1,5001,6,3.0-3.2,32340,1293593,0.035,70,92,76.087,0
20260119230007,11.0.0.1,47740,10.0.0.1,5001,5,5.0-5.2,10290,411597,0.777,1030,1037,99.325,0
20260119230007,10.0.0.2,42666,10.0.0.1,5001,4,6.2-6.4,2393160,95725921,0.102,155,1783,8.693,0
20260119230007,192.168.1.1,54524,10.0.0.1,5001,6,3.2-3.4,32340,1293593,0.027,70,92,76.087,0
20260119230007,11.0.0.1,47740,10.0.0.1,5001,5,5.2-5.4,19110,764396,0.401,2381,2394,99.457,0
20260119230007,10.0.0.2,42666,10.0.0.1,5001,4,6.4-6.6,2372580,94902725,0.108,170,1784,9.529,0
20260119230007,192.168.1.1,54524,10.0.0.1,5001,6,3.4-3.6,26460,1058394,0.032,73,91,80.220,0
20260119230007,11.0.0.1,47740,10.0.0.1,5001,5,5.4-5.6,13230,529197,0.255,1609,1618,99.444,0
20260119230008,10.0.0.2,42666,10.0.0.1,5001,4,6.6-6.8,2399040,95961120,0.104,151,1783,8.469,0
20260119230008,192.168.1.1,54524,10.0.0.1,5001,6,3.6-3.8,24990,999595,0.025,68,85,80.000,0
20260119230008,11.0.0.1,47740,10.0.0.1,5001,5,5.6-5.8,7350,293998,0.216,1872,1877,99.734,0
20260119230008,10.0.0.2,42666,10.0.0.1,5001,4,6.8-7.0,2397570,95902320,0.105,152,1783,8.525,0
20260119230008,192.168.1.1,54524,10.0.0.1,5001,6,3.8-4.0,26460,1058394,0.035,74,92,80.435,0
20260119230008,11.0.0.1,47740,10.0.0.1,5001,5,5.8-6.0,19110,764396,0.160,1928,1941,99.330,0
20260119230008,10.0.0.2,42666,10.0.0.1,5001,4,7.0-7.2,2376990,95079124,0.100,166,1783,9.310,0
20260119230008,192.168.1.1,54524,10.0.0.1,5001,6,4.0-4.2,27930,1117194,0.020,66,85,77.647,0
20260119230008,11.0.0.1,47740,10.0.0.1,5001,5,6.0-6.2,13230,529197,0.122,1652,1661,99.458,0
20260119230008,10.0.0.2,42666,10.0.0.1,5001,4,7.2-7.4,2387280,95490722,0.096,157,1781,8.815,0
20260119230008,192.168.1.1,54524,10.0.0.1,5001,6,4.2-4.4,44100,1763991,0.034,64,94,68.085,0
20260119230008,11.0.0.1,47740,10.0.0.1,5001,5,6.2-6.4,11760,470397,0.096,1653,1661,99.518,0
20260119230008,10.0.0.2,42666,10.0.0.1,5001,4,7.4-7.6,2372580,94902725,0.103,173,1787,9.681,0
20260119230008,192.168.1.1,54524,10.0.0.1,5001,6,4.4-4.6,41160,1646391,0.026,62,90,68.889,0
20260119230008,11.0.0.1,47740,10.0.0.1,5001,5,6.4-6.6,14700,587997,0.083,1953,1963,99.491,0
20260119230009,10.0.0.2,42666,10.0.0.1,5001,4,7.6-7.8,2379930,95196724,0.103,163,1782,9.147,0
20260119230009,192.168.1.1,54524,10.0.0.1,5001,6,4.6-4.8,41160,1646391,0.027,59,87,67.816,0
20260119230009,11.0.0.1,47740,10.0.0.1,5001,5,6.6-6.8,7350,293998,0.080,1849,1854,99.730,0
20260119230009,10.0.0.2,42666,10.0.0.1,5001,4,7.8-8.0,2374050,94961525,0.108,169,1784,9.473,0
20260119230009,192.168.1.1,54524,10.0.0.1,5001,6,4.8-5.0,42630,1705191,0.033,59,88,67.045,0
20260119230009,11.0.0.1,47740,10.0.0.1,5001,5,6.8-7.0,10290,411597,0.072,1762,1769,99.604,0
20260119230009,10.0.0.2,42666,10.0.0.1,5001,4,8.0-8.2,2381400,95255523,0.098,162,1782,9.091,0
20260119230009,192.168.1.1,54524,10.0.0.1,5001,6,5.0-5.2,33810,1352393,0.022,65,88,73.864,0
20260119230009,11.0.0.1,47740,10.0.0.1,5001,5,7.0-7.2,20580,823195,0.085,1627,1641,99.147,0
20260119230009,10.0.0.2,42666,10.0.0.1,5001,4,8.2-8.4,2387280,95490722,0.104,158,1782,8.866,1
20260119230009,192.168.1.1,54524,10.0.0.1,5001,6,5.2-5.4,29400,1175994,0.045,73,93,78.495,0
20260119230009,11.0.0.1,47740,10.0.0.1,5001,5,7.2-7.4,11760,470397,0.086,1910,1918,99.583,0
20260119230009,10.0.0.2,42666,10.0.0.1,5001,4,8.4-8.6,2390220,95608321,0.105,160,1786,8.959,0
20260119230009,192.168.1.1,54524,10.0.0.1,5001,6,5.4-5.6,30870,1234793,0.038,63,84,75.000,0
20260119230009,11.0.0.1,47740,10.0.0.1,5001,5,7.4-7.6,10290,411597,0.089,1763,1770,99.605,0
20260119230010,10.0.0.2,42666,10.0.0.1,5001,4,8.6-8.8,2385810,95431922,0.103,160,1783,8.974,0
20260119230010,192.168.1.1,54524,10.0.0.1,5001,6,5.6-5.8,30870,1234793,0.026,66,87,75.862,0
20260119230010,10.0.0.2,42666,10.0.0.1,5001,4,8.8-9.0,2399040,95961120,0.102,152,1784,8.520,0
20260119230010,11.0.0.1,47740,10.0.0.1,5001,5,7.6-7.8,4410,176399,11.780,1591,1595,99.749,1
20260119230010,192.168.1.1,54524,10.0.0.1,5001,6,5.8-6.0,32340,1293593,0.024,75,97,77.320,0
20260119230010,11.0.0.1,47740,10.0.0.1,5001,5,7.8-8.0,5880,235198,9.126,1205,1209,99.669,0
20260119230010,10.0.0.2,42666,10.0.0.1,5001,4,9.0-9.2,2385810,95431922,0.103,159,1782,8.923,0
20260119230010,192.168.1.1,54524,10.0.0.1,5001,6,6.0-6.2,35280,1411192,0.053,65,89,73.034,0
20260119230010,11.0.0.1,47740,10.0.0.1,5001,5,8.0-8.2,11760,470397,5.502,2408,2416,99.669,0
20260119230010,10.0.0.2,42666,10.0.0.1,5001,4,9.2-9.4,2378460,95137924,0.103,165,1783,9.254,0
20260119230010,192.168.1.1,54524,10.0.0.1,5001,6,6.2-6.4,41160,1646391,0.030,59,87,67.816,0
20260119230010,11.0.0.1,47740,10.0.0.1,5001,5,8.2-8.4,19110,764396,2.429,1798,1811,99.282,0
20260119230010,10.0.0.2,42666,10.0.0.1,5001,4,9.4-9.6,2378460,95137924,0.106,166,1784,9.305,0
20260119230010,192.168.1.1,54524,10.0.0.1,5001,6,6.4-6.6,32340,1293593,0.034,67,89,75.281,0
20260119230010,11.0.0.1,47740,10.0.0.1,5001,5,8.4-8.6,2940,117599,2.138,1659,1661,99.880,0
20260119230011,10.0.0.2,42666,10.0.0.1,5001,4,9.6-9.8,2391690,95667121,0.107,156,1783,8.749,0
20260119230011,192.168.1.1,54524,10.0.0.1,5001,6,6.6-6.8,35280,1411192,0.026,62,86,72.093,0
20260119230011,10.0.0.2,42666,10.0.0.1,5001,4,9.8-10.0,2391690,95667121,0.106,157,1784,8.800,0
20260119230011,11.0.0.1,47740,10.0.0.1,5001,5,8.6-8.8,4410,176399,1.764,1852,1855,99.838,0
20260119230011,192.168.1.1,54524,10.0.0.1,5001,6,6.8-7.0,29400,1175994,0.018,62,82,75.610,0
20260119230011,11.0.0.1,47740,10.0.0.1,5001,5,8.8-9.0,7350,293998,1.302,2001,2006,99.751,0
20260119230011,10.0.0.2,42666,10.0.0.1,5001,4,10.0-10.2,2390220,95608321,0.109,157,1783,8.805,0
20260119230011,10.0.0.2,42666,10.0.0.1,5001,4,0.0-10.2,121570470,94958957,0.104,6468,89169,7.254,2
20260119230011,192.168.1.1,54524,10.0.0.1,5001,6,7.0-7.2,141120,5644771,0.607,59,155,38.065,0
20260119230011,11.0.0.1,47740,10.0.0.1,5001,5,9.0-9.2,130830,5233173,0.509,2781,2870,96.899,0
20260119230011,192.168.1.1,54524,10.0.0.1,5001,6,7.2-7.4,132300,5291973,0.036,0,90,0.000,0
20260119230011,11.0.0.1,47740,10.0.0.1,5001,5,9.2-9.4,122010,4880375,0.082,1707,1790,95.363,0
20260119230011,192.168.1.1,54524,10.0.0.1,5001,6,7.4-7.6,130830,5233173,0.022,0,89,0.000,0
20260119230011,11.0.0.1,47740,10.0.0.1,5001,5,9.4-9.6,122010,4880375,0.095,1707,1790,95.363,0
20260119230012,192.168.1.1,54524,10.0.0.1,5001,6,7.6-7.8,130830,5233173,0.031,0,89,0.000,0
20260119230012,11.0.0.1,47740,10.0.0.1,5001,5,9.6-9.8,122010,4880375,0.084,1707,1790,95.363,0
20260119230012,192.168.1.1,54524,10.0.0.1,5001,6,7.8-8.0,130830,5233173,0.019,0,89,0.000,0
20260119230012,11.0.0.1,47740,10.0.0.1,5001,5,9.8-10.0,120540,4821575,0.085,1687,1769,95.365,0
20260119230012,192.168.1.1,54524,10.0.0.1,5001,6,8.0-8.2,130830,5233173,0.037,0,89,0.000,0
20260119230012,11.0.0.1,47740,10.0.0.1,5001,5,10.0-10.2,122010,4880375,0.073,1709,1792,95.368,0
20260119230012,192.168.1.1,54524,10.0.0.1,5001,6,8.2-8.4,132300,5291973,0.030,0,90,0.000,0
20260119230012,11.0.0.1,47740,10.0.0.1,5001,5,10.2-10.4,122010,4880375,0.067,1706,1789,95.361,0
20260119230012,192.168.1.1,54524,10.0.0.1,5001,6,8.4-8.6,130830,5233173,0.027,0,89,0.000,0
20260119230012,11.0.0.1,47740,10.0.0.1,5001,5,10.4-10.6,120540,4821575,0.085,1687,1769,95.365,0
20260119230013,192.168.1.1,54524,10.0.0.1,5001,6,8.6-8.8,130830,5233173,0.021,0,89,0.000,0
20260119230013,11.0.0.1,47740,10.0.0.1,5001,5,10.6-10.8,122010,4880375,0.091,1708,1791,95.366,0
20260119230013,192.168.1.1,54524,10.0.0.1,5001,6,8.8-9.0,130830,5233173,0.035,0,89,0.000,0
20260119230013,11.0.0.1,47740,10.0.0.1,5001,5,10.8-11.0,122010,4880375,0.068,1707,1790,95.363,0
20260119230013,192.168.1.1,54524,10.0.0.1,5001,6,9.0-9.2,130830,5233173,0.040,0,89,0.000,0
20260119230013,11.0.0.1,47740,10.0.0.1,5001,5,11.0-11.2,120540,4821575,0.069,1687,1769,95.365,0
20260119230013,192.168.1.1,54524,10.0.0.1,5001,6,9.2-9.4,130830,5233173,0.037,0,89,0.000,0
20260119230013,11.0.0.1,47740,10.0.0.1,5001,5,11.2-11.4,122010,4880375,0.123,1706,1789,95.361,0
20260119230013,192.168.1.1,54524,10.0.0.1,5001,6,9.4-9.6,132300,5291973,0.030,0,90,0.000,0
20260119230013,11.0.0.1,47740,10.0.0.1,5001,5,11.4-11.6,122010,4880375,0.079,1708,1791,95.366,0
20260119230014,192.168.1.1,54524,10.0.0.1,5001,6,9.6-9.8,130830,5233173,0.027,0,89,0.000,0
20260119230014,11.0.0.1,47740,10.0.0.1,5001,5,11.6-11.8,120540,4821575,0.077,1688,1770,95.367,0
20260119230014,192.168.1.1,54524,10.0.0.1,5001,6,9.8-9.9,70560,5262677,0.035,0,48,0.000,0
20260119230014,192.168.1.1,54524,10.0.0.1,5001,6,0.0-9.9,3095820,2499826,0.098,2356,4462,52.801,0
20260119230014,11.0.0.1,47740,10.0.0.1,5001,5,11.8-12.0,122010,4880375,0.080,1706,1789,95.361,0
20260119230014,11.0.0.1,47740,10.0.0.1,5001,5,12.0-12.2,122010,4880375,0.081,1708,1791,95.366,0
20260119230014,11.0.0.1,47740,10.0.0.1,5001,5,12.2-12.4,120540,4821575,0.107,1687,1769,95.365,0
20260119230014,11.0.0.1,47740,10.0.0.1,5001,5,0.0-12.4,3760260,2422064,1.340,86608,89169,97.128,3
20260119230022,10.0.0.2,60787,10.0.0.1,5001,7,0.0-0.2,2431380,97254713,0.107,0,1654,0.000,0
20260119230022,10.0.0.2,60787,10.0.0.1,5001,7,0.2-0.4,2431380,97254713,0.102,0,1654,0.000,0
20260119230022,10.0.0.2,60787,10.0.0.1,5001,7,0.4-0.6,2429910,97195914,0.102,0,1653,0.000,0
20260119230022,10.0.0.2,60787,10.0.0.1,5001,7,0.6-0.8,2426970,97078314,0.102,0,1651,0.000,0
20260119230023,10.0.0.2,60787,10.0.0.1,5001,7,0.8-1.0,2428440,97137114,0.109,0,1652,0.000,0
20260119230023,10.0.0.2,60787,10.0.0.1,5001,7,1.0-1.2,2365230,94608726,0.114,0,1609,0.000,0
20260119230023,11.0.0.1,36656,10.0.0.1,5001,8,0.0-0.2,117600,4703976,2.416,0,80,0.000,0
20260119230023,10.0.0.2,60787,10.0.0.1,5001,7,1.2-1.4,2315250,92609536,0.112,0,1575,0.000,0
20260119230023,11.0.0.1,36656,10.0.0.1,5001,8,0.2-0.4,116130,4645176,2.431,0,79,0.000,0
20260119230023,10.0.0.2,60787,10.0.0.1,5001,7,1.4-1.6,2313780,92550737,0.108,0,1574,0.000,0
20260119230023,11.0.0.1,36656,10.0.0.1,5001,8,0.4-0.6,116130,4645176,2.426,0,79,0.000,0
20260119230023,10.0.0.2,60787,10.0.0.1,5001,7,1.6-1.8,2315250,92609536,0.106,70,1645,4.255,0
20260119230023,11.0.0.1,36656,10.0.0.1,5001,8,0.6-0.8,114660,4586377,2.426,0,78,0.000,0
20260119230024,10.0.0.2,60787,10.0.0.1,5001,7,1.8-2.0,2313780,92550737,0.120,123,1697,7.248,0
20260119230024,11.0.0.1,36656,10.0.0.1,5001,8,0.8-1.0,116130,4645176,2.433,0,79,0.000,0
20260119230024,10.0.0.2,60787,10.0.0.1,5001,7,2.0-2.2,2312310,92491937,0.107,124,1697,7.307,0
20260119230024,11.0.0.1,36656,10.0.0.1,5001,8,1.0-1.2,116130,4645176,2.423,0,79,0.000,0
20260119230024,10.0.0.2,60787,10.0.0.1,5001,7,2.2-2.4,2315250,92609536,0.101,124,1699,7.298,0
20260119230024,11.0.0.1,36656,10.0.0.1,5001,8,1.2-1.4,114660,4586377,2.430,0,78,0.000,0
20260119230024,10.0.0.2,60787,10.0.0.1,5001,7,2.4-2.6,2315250,92609536,0.111,124,1699,7.298,0
20260119230024,11.0.0.1,36656,10.0.0.1,5001,8,1.4-1.6,116130,4645176,2.425,0,79,0.000,0
20260119230024,10.0.0.2,60787,10.0.0.1,5001,7,2.6-2.8,2313780,92550737,0.100,123,1697,7.248,0
20260119230024,11.0.0.1,36656,10.0.0.1,5001,8,1.6-1.8,116130,4645176,2.436,0,79,0.000,0
20260119230025,10.0.0.2,60787,10.0.0.1,5001,7,2.8-3.0,2313780,92550737,0.100,123,1697,7.248,0
20260119230025,11.0.0.1,36656,10.0.0.1,5001,8,1.8-2.0,114660,4586377,2.431,0,78,0.000,0
20260119230025,10.0.0.2,60787,10.0.0.1,5001,7,3.0-3.2,2274090,90963145,0.115,122,1669,7.310,0
20260119230025,11.0.0.1,36656,10.0.0.1,5001,8,2.0-2.2,111720,4468777,2.560,0,76,0.000,0
20260119230025,192.168.1.1,42888,10.0.0.1,5001,9,0.0-0.2,120540,4821575,0.232,0,82,0.000,0
20260119230025,10.0.0.2,60787,10.0.0.1,5001,7,3.2-3.4,2207940,88317158,0.106,142,1644,8.637,0
20260119230025,11.0.0.1,36656,10.0.0.1,5001,8,2.2-2.4,97020,3880780,2.825,13,79,16.456,0
20260119230025,192.168.1.1,42888,10.0.0.1,5001,9,0.2-0.4,97020,3880780,0.061,22,88,25.000,0
20260119230025,10.0.0.2,60787,10.0.0.1,5001,7,3.4-3.6,2249100,89963550,0.099,249,1779,13.997,0
20260119230025,11.0.0.1,36656,10.0.0.1,5001,8,2.4-2.6,104370,4174779,2.443,12,83,14.458,0
20260119230025,192.168.1.1,42888,10.0.0.1,5001,9,0.4-0.6,69090,2763586,0.031,42,89,47.191,0
20260119230025,10.0.0.2,60787,10.0.0.1,5001,7,3.6-3.8,2252040,90081149,0.095,252,1784,14.126,0
20260119230025,11.0.0.1,36656,10.0.0.1,5001,8,2.6-2.8,110250,4409977,0.147,1342,1417,94.707,0
20260119230025,192.168.1.1,42888,10.0.0.1,5001,9,0.6-0.8,67620,2704786,0.035,43,89,48.315,0
20260119230026,10.0.0.2,60787,10.0.0.1,5001,7,3.8-4.0,2254980,90198749,0.101,250,1784,14.013,0
20260119230026,11.0.0.1,36656,10.0.0.1,5001,8,2.8-3.0,107310,4292378,0.210,1633,1706,95.721,0
20260119230026,192.168.1.1,42888,10.0.0.1,5001,9,0.8-1.0,77910,3116384,0.034,37,90,41.111,0
20260119230026,10.0.0.2,60787,10.0.0.1,5001,7,4.0-4.2,2254980,90198749,0.099,249,1783,13.965,0
20260119230026,11.0.0.1,36656,10.0.0.1,5001,8,3.0-3.2,102900,4115979,0.113,1722,1792,96.094,0
20260119230026,192.168.1.1,42888,10.0.0.1,5001,9,1.0-1.2,64680,2587187,0.040,42,86,48.837,0
20260119230026,10.0.0.2,60787,10.0.0.1,5001,7,4.2-4.4,2257920,90316348,0.095,248,1784,13.901,0
20260119230026,11.0.0.1,36656,10.0.0.1,5001,8,3.2-3.4,108780,4351178,0.074,1630,1704,95.657,0
20260119230026,192.168.1.1,42888,10.0.0.1,5001,9,1.2-1.4,64680,2587187,0.040,48,92,52.174,0
20260119230026,10.0.0.2,60787,10.0.0.1,5001,7,4.4-4.6,2257920,90316348,0.104,247,1783,13.853,1
20260119230026,11.0.0.1,36656,10.0.0.1,5001,8,3.4-3.6,110250,4409977,0.115,1781,1856,95.959,0
20260119230026,192.168.1.1,42888,10.0.0.1,5001,9,1.4-1.6,85260,3410382,0.047,31,89,34.831,0
20260119230026,10.0.0.2,60787,10.0.0.1,5001,7,4.6-4.8,2219700,88787556,0.104,273,1783,15.311,1
20260119230026,11.0.0.1,36656,10.0.0.1,5001,8,3.6-3.8,116130,4645176,0.075,1689,1768,95.532,0
20260119230026,192.168.1.1,42888,10.0.0.1,5001,9,1.6-1.8,80850,3233983,0.034,33,88,37.500,0
20260119230027,10.0.0.2,60787,10.0.0.1,5001,7,4.8-5.0,2234400,89375553,0.098,264,1784,14.798,0
20260119230027,11.0.0.1,36656,10.0.0.1,5001,8,3.8-4.0,119070,4762776,0.072,1710,1791,95.477,0
20260119230027,192.168.1.1,42888,10.0.0.1,5001,9,1.8-2.0,86730,3469182,0.037,31,90,34.444,0
20260119230027,10.0.0.2,60787,10.0.0.1,5001,7,5.0-5.2,2232930,89316753,0.098,264,1783,14.807,0
20260119230027,11.0.0.1,36656,10.0.0.1,5001,8,4.0-4.2,104370,4174779,0.129,1719,1790,96.034,0
20260119230027,192.168.1.1,42888,10.0.0.1,5001,9,2.0-2.2,79380,3175184,0.048,32,86,37.209,0
20260119230027,10.0.0.2,60787,10.0.0.1,5001,7,5.2-5.4,2309370,92374338,0.100,211,1782,11.841,0
20260119230027,11.0.0.1,36656,10.0.0.1,5001,8,4.2-4.4,16170,646796,0.312,1652,1663,99.339,0
20260119230027,192.168.1.1,42888,10.0.0.1,5001,9,2.2-2.4,26460,1058394,0.032,71,89,79.775,0
20260119230027,10.0.0.2,60787,10.0.0.1,5001,7,5.4-5.6,2375520,95020324,0.103,168,1784,9.417,0
20260119230027,11.0.0.1,36656,10.0.0.1,5001,8,4.4-4.6,36750,1469992,0.132,1528,1553,98.390,0
20260119230027,192.168.1.1,42888,10.0.0.1,5001,9,2.4-2.6,38220,1528792,0.024,66,92,71.739,0
20260119230027,10.0.0.2,60787,10.0.0.1,5001,7,5.6-5.8,2365230,94608726,0.106,175,1784,9.809,0
20260119230027,11.0.0.1,36656,10.0.0.1,5001,8,4.6-4.8,24990,999595,0.112,2075,2092,99.187,0
20260119230027,192.168.1.1,42888,10.0.0.1,5001,9,2.6-2.8,26460,1058394,0.023,72,90,80.000,0
20260119230028,10.0.0.2,60787,10.0.0.1,5001,7,5.8-6.0,2366700,94667526,0.104,174,1784,9.753,0
20260119230028,11.0.0.1,36656,10.0.0.1,5001,8,4.8-5.0,47040,1881590,0.086,1737,1769,98.191,0
20260119230028,192.168.1.1,42888,10.0.0.1,5001,9,2.8-3.0,29400,1175994,0.045,69,89,77.528,0
20260119230028,10.0.0.2,60787,10.0.0.1,5001,7,6.0-6.2,2357880,94314728,0.105,178,1782,9.989,0
20260119230028,11.0.0.1,36656,10.0.0.1,5001,8,5.0-5.2,44100,1763991,0.078,1760,1790,98.324,0
20260119230028,192.168.1.1,42888,10.0.0.1,5001,9,3.0-3.2,23520,940795,0.033,54,70,77.143,0
20260119230028,10.0.0.2,60787,10.0.0.1,5001,7,6.2-6.4,2363760,94549927,0.105,175,1783,9.815,0
20260119230028,11.0.0.1,36656,10.0.0.1,5001,8,5.2-5.4,52920,2116789,0.086,1734,1770,97.966,0
20260119230028,192.168.1.1,42888,10.0.0.1,5001,9,3.2-3.4,22050,881995,0.029,89,104,85.577,0
20260119230028,10.0.0.2,60787,10.0.0.1,5001,7,6.4-6.6,2338770,93550332,0.092,193,1784,10.818,0
20260119230028,11.0.0.1,36656,10.0.0.1,5001,8,5.4-5.6,66150,2645986,0.062,1701,1746,97.423,0
20260119230028,192.168.1.1,42888,10.0.0.1,5001,9,3.4-3.6,22050,881995,0.041,65,80,81.250,0
20260119230028,10.0.0.2,60787,10.0.0.1,5001,7,6.6-6.8,2344650,93785531,0.100,188,1783,10.544,0
20260119230028,11.0.0.1,36656,10.0.0.1,5001,8,5.6-5.8,63210,2528387,0.086,1770,1813,97.628,0
20260119230028,192.168.1.1,42888,10.0.0.1,5001,9,3.6-3.8,10290,411597,0.050,69,76,90.789,0
20260119230029,10.0.0.2,60787,10.0.0.1,5001,7,6.8-7.0,2357880,94314728,0.103,179,1783,10.039,0
20260119230029,11.0.0.1,36656,10.0.0.1,5001,8,5.8-6.0,60270,2410787,0.099,1727,1768,97.681,0
20260119230029,192.168.1.1,42888,10.0.0.1,5001,9,3.8-4.0,22050,881995,0.044,101,116,87.069,0
20260119230029,10.0.0.2,60787,10.0.0.1,5001,7,7.0-7.2,2312310,92491937,0.100,213,1786,11.926,0
20260119230029,11.0.0.1,36656,10.0.0.1,5001,8,6.0-6.2,72030,2881185,0.083,1742,1791,97.264,0
20260119230029,192.168.1.1,42888,10.0.0.1,5001,9,4.0-4.2,102900,4115979,0.044,17,87,19.540,0
20260119230029,10.0.0.2,60787,10.0.0.1,5001,7,7.2-7.4,2293200,91727541,0.102,222,1782,12.458,0
20260119230029,11.0.0.1,36656,10.0.0.1,5001,8,6.2-6.4,41160,1646391,0.084,1676,1704,98.357,0
20260119230029,192.168.1.1,42888,10.0.0.1,5001,9,4.2-4.4,58800,2351988,0.030,50,90,55.556,0
20260119230029,10.0.0.2,60787,10.0.0.1,5001,7,7.4-7.6,2357880,94314728,0.104,179,1783,10.039,0
20260119230029,192.168.1.1,42888,10.0.0.1,5001,9,4.4-4.6,52920,2116789,0.029,51,87,58.621,0
20260119230029,11.0.0.1,36656,10.0.0.1,5001,8,6.4-6.6,11760,470397,0.081,1653,1661,99.518,0
20260119230029,10.0.0.2,60787,10.0.0.1,5001,7,7.6-7.8,2354940,94197129,0.101,181,1783,10.151,0
20260119230029,11.0.0.1,36656,10.0.0.1,5001,8,6.6-6.8,14700,587997,0.089,1932,1942,99.485,0
20260119230029,192.168.1.1,42888,10.0.0.1,5001,9,4.6-4.8,70560,2822385,0.028,45,93,48.387,0
20260119230030,10.0.0.2,60787,10.0.0.1,5001,7,7.8-8.0,2328480,93138734,0.100,200,1784,11.211,0
20260119230030,11.0.0.1,36656,10.0.0.1,5001,8,6.8-7.0,80850,3233983,0.078,1800,1855,97.035,0
20260119230030,192.168.1.1,42888,10.0.0.1,5001,9,4.8-5.0,69090,2763586,0.043,42,89,47.191,0
20260119230030,10.0.0.2,60787,10.0.0.1,5001,7,8.0-8.2,2224110,88963955,0.094,269,1782,15.095,0
20260119230030,11.0.0.1,36656,10.0.0.1,5001,8,7.0-7.2,119070,4762776,0.081,1709,1790,95.475,0
20260119230030,192.168.1.1,42888,10.0.0.1,5001,9,5.0-5.2,99960,3998380,0.031,21,89,23.596,0
20260119230030,10.0.0.2,60787,10.0.0.1,5001,7,8.2-8.4,2222640,88905155,0.101,272,1784,15.247,0
20260119230030,11.0.0.1,36656,10.0.0.1,5001,8,7.2-7.4,117600,4703976,0.068,1689,1769,95.478,0
20260119230030,192.168.1.1,42888,10.0.0.1,5001,9,5.2-5.4,89670,3586782,0.047,28,89,31.461,0
20260119230030,10.0.0.2,60787,10.0.0.1,5001,7,8.4-8.6,2224110,88963955,0.092,270,1783,15.143,0
20260119230030,11.0.0.1,36656,10.0.0.1,5001,8,7.4-7.6,119070,4762776,0.090,1708,1789,95.472,0
20260119230030,192.168.1.1,42888,10.0.0.1,5001,9,5.4-5.6,85260,3410382,0.041,31,89,34.831,0
20260119230030,10.0.0.2,60787,10.0.0.1,5001,7,8.6-8.8,2227050,89081554,0.096,268,1783,15.031,0
20260119230030,11.0.0.1,36656,10.0.0.1,5001,8,7.6-7.8,120540,4821575,0.091,1709,1791,95.422,0
20260119230030,192.168.1.1,42888,10.0.0.1,5001,9,5.6-5.8,73500,2939985,0.053,38,88,43.182,0
20260119230031,10.0.0.2,60787,10.0.0.1,5001,7,8.8-9.0,2234400,89375553,0.100,265,1785,14.846,0
20260119230031,11.0.0.1,36656,10.0.0.1,5001,8,7.8-8.0,119070,4762776,0.094,1688,1769,95.421,0
20260119230031,192.168.1.1,42888,10.0.0.1,5001,9,5.8-6.0,82320,3292783,0.041,34,90,37.778,0
20260119230031,10.0.0.2,60787,10.0.0.1,5001,7,9.0-9.2,2224110,88963955,0.093,268,1781,15.048,0
20260119230031,11.0.0.1,36656,10.0.0.1,5001,8,8.0-8.2,120540,4821575,0.099,1708,1790,95.419,0
20260119230031,192.168.1.1,42888,10.0.0.1,5001,9,6.0-6.2,85260,3410382,0.035,32,90,35.556,0
20260119230031,10.0.0.2,60787,10.0.0.1,5001,7,9.2-9.4,2227050,89081554,0.103,270,1785,15.126,0
20260119230031,11.0.0.1,36656,10.0.0.1,5001,8,8.2-8.4,114660,4586377,0.078,1713,1791,95.645,0
20260119230031,192.168.1.1,42888,10.0.0.1,5001,9,6.2-6.4,92610,3704381,0.042,26,89,29.213,0
20260119230031,10.0.0.2,60787,10.0.0.1,5001,7,9.4-9.6,2221170,88846355,0.100,271,1782,15.208,0
20260119230031,11.0.0.1,36656,10.0.0.1,5001,8,8.4-8.6,111720,4468777,0.079,1714,1790,95.754,0
20260119230031,192.168.1.1,42888,10.0.0.1,5001,9,6.4-6.6,76440,3057584,0.044,37,89,41.573,0
20260119230031,10.0.0.2,60787,10.0.0.1,5001,7,9.6-9.8,2256450,90257548,0.101,249,1784,13.957,0
20260119230031,11.0.0.1,36656,10.0.0.1,5001,8,8.6-8.8,92610,3704381,0.082,1705,1768,96.437,0
20260119230031,192.168.1.1,42888,10.0.0.1,5001,9,6.6-6.8,67620,2704786,0.043,43,89,48.315,0
20260119230032,10.0.0.2,60787,10.0.0.1,5001,7,9.8-10.0,2294670,91786341,0.106,223,1784,12.500,0
20260119230032,11.0.0.1,36656,10.0.0.1,5001,8,8.8-9.0,67620,2704786,0.072,1724,1770,97.401,0
20260119230032,192.168.1.1,42888,10.0.0.1,5001,9,6.8-7.0,70560,2822385,0.032,40,88,45.455,0
20260119230032,10.0.0.2,60787,10.0.0.1,5001,7,10.0-10.2,2291730,91668741,0.109,224,1783,12.563,0
20260119230032,10.0.0.2,60787,10.0.0.1,5001,7,0.0-10.2,117995430,92169897,0.102,8898,89167,9.979,2
20260119230032,11.0.0.1,36656,10.0.0.1,5001,8,9.0-9.2,141120,5644771,0.956,2772,2868,96.653,0
20260119230032,192.168.1.1,42888,10.0.0.1,5001,9,7.0-7.2,177870,7114764,0.266,23,144,15.972,0
20260119230032,11.0.0.1,36656,10.0.0.1,5001,8,9.2-9.4,122010,4880375,0.164,1709,1792,95.368,0
20260119230032,192.168.1.1,42888,10.0.0.1,5001,9,7.2-7.4,132300,5291973,0.022,0,90,0.000,0
20260119230032,11.0.0.1,36656,10.0.0.1,5001,8,9.4-9.6,122010,4880375,0.071,1707,1790,95.363,0
20260119230032,192.168.1.1,42888,10.0.0.1,5001,9,7.4-7.6,130830,5233173,0.031,0,89,0.000,0
20260119230032,11.0.0.1,36656,10.0.0.1,5001,8,9.6-9.8,74970,2998785,2.257,1049,1100,95.364,0
20260119230032,192.168.1.1,42888,10.0.0.1,5001,9,7.6-7.8,66150,2645986,2.264,0,45,0.000,0
20260119230032,10.8.1.1,36261,10.0.0.1,5001,10,0.0-0.2,2313780,92550737,0.105,0,1574,0.000,22
20260119230033,192.168.1.1,42888,10.0.0.1,5001,9,7.8-8.0,41160,1646391,0.745,37,65,56.923,0
20260119230033,10.8.1.1,36261,10.0.0.1,5001,10,0.2-0.4,2371110,94843925,0.082,1437,3050,47.115,0
20260119230033,11.0.0.1,36656,10.0.0.1,5001,8,9.8-10.0,33810,1352393,1.754,1119,1142,97.986,0
20260119230033,11.0.0.1,36656,10.0.0.1,5001,8,10.0-10.2,42630,1705191,0.591,1999,2028,98.570,0
20260119230033,192.168.1.1,42888,10.0.0.1,5001,9,8.0-8.2,66150,2645986,0.214,58,103,56.311,0
20260119230033,10.8.1.1,36261,10.0.0.1,5001,10,0.4-0.6,2315250,92609536,0.095,1360,2935,46.337,0
20260119230033,11.0.0.1,36656,10.0.0.1,5001,8,10.2-10.4,20580,823195,0.301,1560,1574,99.111,0
20260119230033,10.8.1.1,36261,10.0.0.1,5001,10,0.6-0.8,2381400,95255523,0.090,1902,3522,54.003,0
20260119230033,192.168.1.1,42888,10.0.0.1,5001,9,8.2-8.4,36750,1469992,0.066,58,83,69.880,0
20260119230033,192.168.1.1,42888,10.0.0.1,5001,9,8.4-8.6,29400,1175994,0.051,76,96,79.167,0
20260119230033,10.8.1.1,36261,10.0.0.1,5001,10,0.8-1.0,2387280,95490722,0.100,1945,3569,54.497,1
20260119230033,11.0.0.1,36656,10.0.0.1,5001,8,10.4-10.6,14700,587997,0.227,1759,1769,99.435,0
20260119230033,11.0.0.1,36656,10.0.0.1,5001,8,10.6-10.8,7350,293998,0.191,1937,1942,99.743,0
20260119230033,192.168.1.1,42888,10.0.0.1,5001,9,8.6-8.8,26460,1058394,0.042,70,88,79.545,0
20260119230033,10.8.1.1,36261,10.0.0.1,5001,10,1.0-1.2,2382870,95314323,0.087,1938,3559,54.453,0
20260119230034,11.0.0.1,36656,10.0.0.1,5001,8,10.8-11.0,49980,1999190,0.085,1778,1812,98.124,0
20260119230034,192.168.1.1,42888,10.0.0.1,5001,9,8.8-9.0,51450,2057989,0.025,53,88,60.227,0
20260119230034,10.8.1.1,36261,10.0.0.1,5001,10,1.2-1.4,2340240,93609131,0.080,1981,3573,55.444,0
20260119230034,11.0.0.1,36656,10.0.0.1,5001,8,11.0-11.2,27930,1117194,0.079,1793,1812,98.951,0
20260119230034,192.168.1.1,42888,10.0.0.1,5001,9,9.0-9.2,38220,1528792,0.044,62,88,70.455,0
20260119230034,10.8.1.1,36261,10.0.0.1,5001,10,1.4-1.6,2344650,93785531,0.086,1971,3566,55.272,0
20260119230034,11.0.0.1,36656,10.0.0.1,5001,8,11.2-11.4,47040,1881590,0.084,1736,1768,98.190,0
20260119230034,10.8.1.1,36261,10.0.0.1,5001,10,1.6-1.8,2353470,94138329,0.101,1960,3561,55.041,0
20260119230034,192.168.1.1,42888,10.0.0.1,5001,9,9.2-9.4,47040,1881590,0.034,58,90,64.444,0
20260119230034,11.0.0.1,36656,10.0.0.1,5001,8,11.4-11.6,20580,823195,0.095,1690,1704,99.178,0
20260119230034,192.168.1.1,42888,10.0.0.1,5001,9,9.4-9.6,32340,1293593,0.056,65,87,74.713,0
20260119230034,10.8.1.1,36261,10.0.0.1,5001,10,1.8-2.0,2379930,95196724,0.094,1954,3573,54.688,1
20260119230034,11.0.0.1,36656,10.0.0.1,5001,8,11.6-11.8,10290,411597,0.098,1827,1834,99.618,0
20260119230034,10.8.1.1,36261,10.0.0.1,5001,10,2.0-2.2,2384340,95373123,0.099,1944,3566,54.515,0
20260119230034,192.168.1.1,42888,10.0.0.1,5001,9,9.6-9.8,30870,1234793,0.032,69,90,76.667,0
20260119230035,11.0.0.1,36656,10.0.0.1,5001,8,11.8-12.0,30870,1234793,0.165,1749,1770,98.814,0
20260119230035,192.168.1.1,42888,10.0.0.1,5001,9,9.8-10.0,44100,1763991,0.035,61,91,67.033,0
20260119230035,10.8.1.1,36261,10.0.0.1,5001,10,2.2-2.4,2349060,93961930,0.095,1968,3566,55.188,0
20260119230034,192.168.1.1,42888,10.0.0.1,5001,9,0.0-10.0,3250170,2593390,0.158,2251,4462,50.448,0
20260119230035,11.0.0.1,36656,10.0.0.1,5001,8,12.0-12.2,39690,1587592,0.199,1309,1336,97.979,0
20260119230035,10.8.1.1,36261,10.0.0.1,5001,10,2.4-2.6,2393160,95725921,0.094,1939,3567,54.359,0
20260119230035,11.0.0.1,36656,10.0.0.1,5001,8,12.2-12.4,22050,881995,0.128,2273,2288,99.344,0
20260119230035,10.8.1.1,36261,10.0.0.1,5001,10,2.6-2.8,2391690,95667121,0.092,1941,3568,54.400,0
20260119230035,11.0.0.1,36656,10.0.0.1,5001,8,12.4-12.5,45570,2587403,0.612,1226,1257,97.534,0
20260119230035,11.0.0.1,36656,10.0.0.1,5001,8,0.0-12.5,4958310,3162954,0.888,85797,89170,96.217,0
20260119230035,10.8.1.1,36261,10.0.0.1,5001,10,2.8-3.0,2374050,94961525,0.092,1951,3566,54.711,0
20260119230035,10.8.1.1,36261,10.0.0.1,5001,10,3.0-3.2,2372580,94902725,0.088,1951,3565,54.727,1
20260119230036,10.8.1.1,36261,10.0.0.1,5001,10,3.2-3.4,2387280,95490722,0.087,1943,3567,54.472,1
20260119230036,10.8.1.1,36261,10.0.0.1,5001,10,3.4-3.6,2429910,97195914,0.096,1903,3556,53.515,4
20260119230036,10.8.1.1,36261,10.0.0.1,5001,10,3.6-3.8,2431380,97254713,0.099,1918,3572,53.695,3
20260119230036,10.8.1.1,36261,10.0.0.1,5001,10,3.8-4.0,2429910,97195914,0.100,1911,3564,53.620,0
20260119230036,10.8.1.1,36261,10.0.0.1,5001,10,4.0-4.2,2429910,97195914,0.088,1921,3574,53.749,2
20260119230037,10.8.1.1,36261,10.0.0.1,5001,10,4.2-4.4,2431380,97254713,0.096,1910,3564,53.591,0
20260119230037,10.8.1.1,36261,10.0.0.1,5001,10,4.4-4.6,2429910,97195914,0.096,1916,3569,53.685,3
20260119230037,10.8.1.1,36261,10.0.0.1,5001,10,4.6-4.8,2431380,97254713,0.097,1913,3567,53.631,0
20260119230037,10.8.1.1,36261,10.0.0.1,5001,10,4.8-5.0,2429910,97195914,0.096,1907,3560,53.567,0
20260119230037,10.8.1.1,36261,10.0.0.1,5001,10,5.0-5.2,2431380,97254713,0.086,1921,3575,53.734,0
20260119230038,10.8.1.1,36261,10.0.0.1,5001,10,5.2-5.4,2429910,97195914,0.085,1907,3560,53.567,0
20260119230038,10.8.1.1,36261,10.0.0.1,5001,10,5.4-5.6,2431380,97254713,0.084,1920,3574,53.721,0
20260119230038,10.8.1.1,36261,10.0.0.1,5001,10,5.6-5.8,2429910,97195914,0.086,1910,3563,53.607,0
20260119230038,10.8.1.1,36261,10.0.0.1,5001,10,5.8-6.0,2429910,97195914,0.091,1917,3570,53.697,2
20260119230038,10.8.1.1,36261,10.0.0.1,5001,10,6.0-6.2,2431380,97254713,0.100,1912,3566,53.617,0
20260119230039,10.8.1.1,36261,10.0.0.1,5001,10,6.2-6.4,2429910,97195914,0.091,1908,3561,53.580,0
20260119230039,10.8.1.1,36261,10.0.0.1,5001,10,6.4-6.6,2431380,97254713,0.099,1911,3565,53.604,1
20260119230039,10.8.1.1,36261,10.0.0.1,5001,10,6.6-6.8,2429910,97195914,0.140,1919,3572,53.723,2
20260119230039,10.8.1.1,36261,10.0.0.1,5001,10,6.8-7.0,2431380,97254713,0.116,1914,3568,53.643,0
20260119230039,10.8.1.1,36261,10.0.0.1,5001,10,7.0-7.2,2429910,97195914,0.120,1913,3566,53.646,0
20260119230040,10.8.1.1,36261,10.0.0.1,5001,10,7.2-7.4,2431380,97254713,0.113,1915,3569,53.656,0
20260119230040,10.8.1.1,36261,10.0.0.1,5001,10,7.4-7.6,2429910,97195914,0.087,1911,3564,53.620,1
20260119230040,10.8.1.1,36261,10.0.0.1,5001,10,7.6-7.8,2429910,97195914,0.092,1913,3566,53.646,9
20260119230040,10.8.1.1,36261,10.0.0.1,5001,10,7.8-8.0,2431380,97254713,0.093,1913,3567,53.631,0
20260119230040,10.8.1.1,36261,10.0.0.1,5001,10,8.0-8.2,1237740,49509352,2.328,950,1792,53.013,92
20260119230041,10.8.1.1,36261,10.0.0.1,5001,10,8.2-8.4,1374450,54977725,39.891,5573,6508,85.633,73
20260119230041,10.8.1.1,36261,10.0.0.1,5001,10,8.4-8.6,2429910,97195914,0.134,745,2398,31.068,58
20260119230041,10.8.1.1,36261,10.0.0.1,5001,10,8.6-8.8,2431380,97254713,8.252,1910,3564,53.591,25
20260119230041,10.8.1.1,36261,10.0.0.1,5001,10,8.8-9.0,2429910,97195914,0.212,1916,3569,53.685,29
20260119230041,10.8.1.1,36261,10.0.0.1,5001,10,9.0-9.2,2429910,97195914,0.943,1905,3558,53.541,29
20260119230042,10.8.1.1,36261,10.0.0.1,5001,10,9.2-9.4,2431380,97254713,0.450,1921,3575,53.734,31
20260119230042,10.8.1.1,36261,10.0.0.1,5001,10,9.4-9.6,2429910,97195914,136.759,1904,3557,53.528,35
20260119230042,10.8.1.1,36261,10.0.0.1,5001,10,9.6-9.8,2431380,97254713,23.122,1923,3577,53.760,27
20260119230042,10.8.1.1,36261,10.0.0.1,5001,10,9.8-10.0,2429910,97195914,235.469,1911,3564,53.620,35
20260119230042,10.8.1.1,36261,10.0.0.1,5001,10,10.0-10.2,2185890,97237099,367.601,1704,3191,53.400,22
20260119230042,10.8.1.1,36261,10.0.0.1,5001,10,0.0-10.2,120366540,94591623,5.486,96450,178332,54.085,509
20260119230042,10.8.1.1,36261,10.0.0.1,5001,11,0.0-0.0,4410,801818181,62.872,178349,178352,99.998,0
20260119230042,10.8.1.1,36261,10.0.0.1,5001,12,0.0-0.0,13230,13042513,15.689,178346,178355,99.995,0
20260119230042,10.8.1.1,36261,10.0.0.1,5001,13,0.0-0.0,13230,29124931,15.698,178348,178357,99.995,0
20260119230042,10.8.1.1,36261,10.0.0.1,5001,14,0.0-0.0,13230,135518565,15.713,178350,178359,99.995,0
20260119230042,10.8.1.1,36261,10.0.0.1,5001,15,0.0-0.0,13230,16055825,15.653,178353,178362,99.995,0
20260119230042,10.8.1.1,36261,10.0.0.1,5001,16,0.0-0.0,13230,20125499,15.661,178355,178364,99.995,0
20260119230042,10.8.1.1,36261,10.0.0.1,5001,17,0.0-0.0,13230,72245733,15.687,178357,178366,99.995,0
20260119230042,10.8.1.1,36261,10.0.0.1,5001,18,0.0-0.0,13230,13180572,15.627,178360,178369,99.995,0
20260119230042,10.8.1.1,36261,10.0.0.1,5001,19,0.0-0.0,13230,12661801,15.626,178362,178371,99.995,0
20260119230042,10.8.1.1,36261,10.0.0.1,5001,20,0.0-0.0,8820,43853325,25.034,178367,178373,99.997,0
20260119230043,10.8.1.1,36261,10.0.0.1,5001,21,0.0-0.2,102900,4115979,1.752,142637,142707,99.951,0
20260119230043,10.8.1.1,36261,10.0.0.1,5001,21,0.2-0.4,188160,7526362,1.378,10,138,7.246,2
20260119230043,10.8.1.1,36261,10.0.0.1,5001,21,0.4-0.6,176400,7055964,1.299,10,130,7.692,0
20260119230044,10.8.1.1,36261,10.0.0.1,5001,21,0.6-0.8,174930,6997165,1.576,10,129,7.752,0
20260119230044,10.8.1.1,36261,10.0.0.1,5001,21,0.8-1.0,117600,4703976,2.215,6,86,6.977,0
20260119230044,10.8.1.1,36261,10.0.0.1,5001,21,1.0-1.2,152880,6115169,1.328,8,112,7.143,8
20260119230044,10.8.1.1,36261,10.0.0.1,5001,21,1.2-1.4,199920,7996760,1.205,10,146,6.849,11
20260119230044,10.8.1.1,36261,10.0.0.1,5001,21,1.4-1.6,177870,7114764,1.827,10,131,7.634,0
20260119230045,10.8.1.1,36261,10.0.0.1,5001,21,1.6-1.8,210210,8408357,1.142,9,152,5.921,0
20260119230045,10.8.1.1,36261,10.0.0.1,5001,21,1.8-2.0,198450,7937960,1.112,13,148,8.784,0
20260119230045,10.8.1.1,36261,10.0.0.1,5001,21,2.0-2.2,196980,7879160,1.313,10,144,6.944,1
20260119230045,10.8.1.1,36261,10.0.0.1,5001,21,2.2-2.4,202860,8114359,1.085,11,149,7.383,1
20260119230045,10.8.1.1,36261,10.0.0.1,5001,21,2.4-2.6,198450,7937960,1.092,11,146,7.534,0
20260119230046,10.8.1.1,36261,10.0.0.1,5001,21,2.6-2.8,211680,8467157,1.086,11,155,7.097,0
20260119230046,10.8.1.1,36261,10.0.0.1,5001,21,2.8-3.0,199920,7996760,1.091,11,147,7.483,0
20260119230046,10.8.1.1,36261,10.0.0.1,5001,21,3.0-3.2,199920,7996760,1.123,10,146,6.849,0
20260119230046,10.8.1.1,36261,10.0.0.1,5001,21,3.2-3.4,214620,8584757,1.071,1942,2088,93.008,1
20260119230046,10.8.1.1,36261,10.0.0.1,5001,21,3.4-3.6,0,0,1.071,0,0,-nan,0
20260119230047,10.8.1.1,36261,10.0.0.1,5001,21,3.6-3.8,0,0,1.071,0,0,-nan,0
20260119230047,10.8.1.1,36261,10.0.0.1,5001,21,3.8-4.0,0,0,1.071,0,0,-nan,0
20260119230047,10.8.1.1,36261,10.0.0.1,5001,21,4.0-4.2,0,0,1.071,0,0,-nan,0
20260119230047,10.8.1.1,36261,10.0.0.1,5001,21,4.2-4.4,0,0,1.071,0,0,-nan,0
20260119230047,10.8.1.1,36261,10.0.0.1,5001,21,4.4-4.6,0,0,1.071,0,0,-nan,0
20260119230048,10.8.1.1,36261,10.0.0.1,5001,21,4.6-4.8,0,0,1.071,0,0,-nan,0
20260119230048,10.8.1.1,36261,10.0.0.1,5001,21,4.8-5.0,0,0,1.071,0,0,-nan,0
20260119230048,10.8.1.1,36261,10.0.0.1,5001,21,5.0-5.2,0,0,1.071,0,0,-nan,0
20260119230048,10.8.1.1,36261,10.0.0.1,5001,21,5.2-5.4,0,0,1.071,0,0,-nan,0
20260119230048,10.8.1.1,36261,10.0.0.1,5001,21,5.4-5.6,0,0,1.071,0,0,-nan,0
20260119230049,10.8.1.1,36261,10.0.0.1,5001,21,5.6-5.8,0,0,1.071,0,0,-nan,0
20260119230049,10.8.1.1,36261,10.0.0.1,5001,21,5.8-6.0,0,0,1.071,0,0,-nan,0
20260119230049,10.8.1.1,36261,10.0.0.1,5001,21,6.0-6.2,0,0,1.071,0,0,-nan,0
20260119230049,10.8.1.1,36261,10.0.0.1,5001,21,6.2-6.4,0,0,1.071,0,0,-nan,0
20260119230049,10.8.1.1,36261,10.0.0.1,5001,21,6.4-6.6,0,0,1.071,0,0,-nan,0
20260119230050,10.8.1.1,36261,10.0.0.1,5001,21,6.6-6.8,0,0,1.071,0,0,-nan,0
20260119230050,10.8.1.1,36261,10.0.0.1,5001,21,6.8-7.0,0,0,1.071,0,0,-nan,0
20260119230050,10.8.1.1,36261,10.0.0.1,5001,21,7.0-7.2,0,0,1.071,0,0,-nan,0
20260119230050,10.8.1.1,36261,10.0.0.1,5001,21,7.2-7.4,0,0,1.071,0,0,-nan,0
20260119230050,10.8.1.1,36261,10.0.0.1,5001,21,7.4-7.6,0,0,1.071,0,0,-nan,0
20260119230051,10.8.1.1,36261,10.0.0.1,5001,21,7.6-7.8,0,0,1.071,0,0,-nan,0
20260119230051,10.8.1.1,36261,10.0.0.1,5001,21,7.8-8.0,0,0,1.071,0,0,-nan,0
20260119230051,10.8.1.1,36261,10.0.0.1,5001,21,8.0-8.2,0,0,1.071,0,0,-nan,0
20260119230051,10.8.1.1,36261,10.0.0.1,5001,21,8.2-8.4,0,0,1.071,0,0,-nan,0
20260119230051,10.8.1.1,36261,10.0.0.1,5001,21,8.4-8.6,0,0,1.071,0,0,-nan,0
20260119230052,10.8.1.1,36261,10.0.0.1,5001,21,8.6-8.8,0,0,1.071,0,0,-nan,0
20260119230052,10.8.1.1,36261,10.0.0.1,5001,21,8.8-9.0,0,0,1.071,0,0,-nan,0
20260119230052,10.8.1.1,36261,10.0.0.1,5001,21,9.0-9.2,0,0,1.071,0,0,-nan,0
20260119230052,10.8.1.1,36261,10.0.0.1,5001,21,9.2-9.4,0,0,1.071,0,0,-nan,0
20260119230052,10.8.1.1,36261,10.0.0.1,5001,21,9.4-9.6,0,0,1.071,0,0,-nan,0
20260119230053,10.8.1.1,36261,10.0.0.1,5001,21,9.6-9.8,0,0,1.071,0,0,-nan,0
20260119230053,10.8.1.1,36261,10.0.0.1,5001,21,9.8-10.0,0,0,1.071,0,0,-nan,0
20260119230053,10.8.1.1,36261,10.0.0.1,5001,21,10.0-10.2,0,0,1.071,0,0,-nan,0
20260119230053,10.8.1.1,36261,10.0.0.1,5001,21,10.2-10.4,0,0,1.071,0,0,-nan,0
20260119230053,10.8.1.1,36261,10.0.0.1,5001,21,10.4-10.6,0,0,1.071,0,0,-nan,0
20260119230054,10.8.1.1,36261,10.0.0.1,5001,21,10.6-10.8,0,0,1.071,0,0,-nan,0
20260119230054,10.8.1.1,36261,10.0.0.1,5001,21,10.8-11.0,0,0,1.071,0,0,-nan,0
